Ticker,RSI,MACD,Signal_Line,EMA12,VolumeMA,Upper_BB,Lower_BB,%K,%D,ATR,MACD_Crossover,Signal,Date
A,44.35,-5.22,-5.69,104.56,,,,,,,0,Strong Buy,24/04/2025
AAF.L,51.3,2.95,2.58,160.76,,,,,,,0,Buy,24/04/2025
AAL.L,55.14,-57.41,-83.76,2033.95,,,,,,,0,Buy,24/04/2025
AAPL,50.68,-6.04,-7.21,199.61,,,,,,,0,Buy,24/04/2025
ABBV,30.09,-7.62,-7.05,178.13,,,,,,,0,Hold,24/04/2025
ABF.L,70.51,75.75,53.43,2104.62,,,,,,,0,Hold,24/04/2025
ABNB,54.84,-3.59,-4.35,115.03,,,,,,,0,Buy,24/04/2025
ABT,47.91,0.22,-0.23,128.84,,,,,,,0,Hold,24/04/2025
ACGL,43.28,-0.15,-0.19,91.99,,,,,,,0,Hold,24/04/2025
ACN,42.38,-10.93,-12.03,288.19,,,,,,,0,Strong Buy,24/04/2025
ADBE,42.05,-15.65,-17.02,353.64,,,,,,,0,Strong Buy,24/04/2025
ADI,51.2,-7.98,-8.71,180.99,,,,,,,0,Strong Buy,24/04/2025
ADM,52.01,0.19,-0.15,46.9,,,,,,,0,Hold,24/04/2025
ADM.L,69.79,90.37,67.39,3135.88,,,,,,,0,Hold,24/04/2025
ADP,42.93,-2.13,-2.05,293.69,,,,,,,0,Strong Sell,24/04/2025
ADSK,54.6,-1.94,-3.06,259.68,,,,,,,0,Hold,24/04/2025
AEE,42.09,0,-0.05,98.11,,,,,,,0,Strong Buy,24/04/2025
AEP,45.19,0.63,0.47,106.12,,,,,,,0,Hold,24/04/2025
AES,32.34,-0.51,-0.42,10.43,,,,,,,0,Hold,24/04/2025
AFL,44.31,-0.02,-0.13,107.13,,,,,,,0,Strong Buy,24/04/2025
AHT.L,56.47,-127.74,-161.63,3953.26,,,,,,,0,Strong Buy,24/04/2025
AIG,39.7,-0.16,0.04,81.47,,,,,,,0,Hold,24/04/2025
AIZ,40.44,-4.77,-4.62,191.51,,,,,,,0,Sell,24/04/2025
AJG,43.79,-0.04,0.33,330.1,,,,,,,0,Strong Sell,24/04/2025
AKAM,45.3,-2.38,-2.69,74.57,,,,,,,0,Strong Buy,24/04/2025
ALB,37,-5.58,-5.53,56.88,,,,,,,0,Hold,24/04/2025
ALGN,70.69,0.16,-2.29,167.98,,,,,,,0,Hold,24/04/2025
ALL,41.37,-2.02,-1.85,193.89,,,,,,,0,Sell,24/04/2025
ALLE,48.84,-0.61,-0.77,125.66,,,,,,,0,Strong Buy,24/04/2025
ALW.L,50.87,-21.88,-27.85,1118.32,,,,,,,0,Strong Buy,24/04/2025
AMAT,55.27,-3.66,-4.34,140.65,,,,,,,0,Buy,24/04/2025
AMCR,49.1,-0.08,-0.12,9.39,,,,,,,0,Hold,24/04/2025
AMD,47.32,-4.21,-4.13,90.6,,,,,,,0,Sell,24/04/2025
AME,50.84,-4.57,-5.12,160.31,,,,,,,0,Strong Buy,24/04/2025
AMGN,32.41,-7.61,-6.22,285.18,,,,,,,0,Hold,24/04/2025
AMP,54.63,-8.29,-10.38,465.82,,,,,,,0,Buy,24/04/2025
AMT,38.38,2.75,2.92,215.94,,,,,,,0,Sell,24/04/2025
AMZN,51.35,-6.92,-7.15,178.45,,,,,,,0,Hold,24/04/2025
ANET,49.2,-4.18,-4.52,71.74,,,,,,,0,Strong Buy,24/04/2025
ANSS,49,-5.2,-6.35,303.48,,,,,,,0,Buy,24/04/2025
ANTO.L,54.93,-43.06,-66.53,1575.89,,,,,,,0,Strong Buy,24/04/2025
AON,38.23,-6.68,-5.77,372.52,,,,,,,0,Hold,24/04/2025
AOS,50.47,-0.78,-0.88,63.5,,,,,,,0,Strong Buy,24/04/2025
APA,42.41,-1.21,-1.27,15.85,,,,,,,0,Strong Buy,24/04/2025
APD,40.9,-8.78,-9.1,266.84,,,,,,,0,Strong Buy,24/04/2025
APH,66.13,0.31,-0.14,65.73,,,,,,,0,Hold,24/04/2025
APO,52.35,-4.32,-4.93,125.41,,,,,,,0,Buy,24/04/2025
APTV,45.75,-2.79,-3.02,52.55,,,,,,,0,Strong Buy,24/04/2025
ARE,35.14,-4.8,-4.7,79.1,,,,,,,0,Hold,24/04/2025
ATO,57.73,2.4,1.75,155.45,,,,,,,0,Hold,24/04/2025
AUTO.L,61.22,12.46,4.94,783.66,,,,,,,0,Hold,24/04/2025
AV.L,40.05,-1.55,-3.74,529.04,,,,,,,0,Strong Buy,24/04/2025
AVB,50.49,-2.1,-3.18,202.37,,,,,,,0,Buy,24/04/2025
AVGO,61.84,-4.04,-5.47,172.57,,,,,,,0,Hold,24/04/2025
AVY,44.26,-2.19,-2.62,170.94,,,,,,,0,Buy,24/04/2025
AWK,42.68,2,2.04,146.55,,,,,,,0,Hold,24/04/2025
AXON,58.76,2.84,-0.01,557.3,,,,,,,0,Hold,24/04/2025
AXP,56.13,-5.51,-6.87,253.3,,,,,,,0,Buy,24/04/2025
AZN.L,34.33,-340.21,-360.71,10355.26,,,,,,,0,Strong Buy,24/04/2025
AZO,40.01,7.24,13.54,3632.85,,,,,,,0,Strong Sell,24/04/2025
BA,64.63,-1.09,-2.6,160.78,,,,,,,0,Hold,24/04/2025
BA.L,55.56,45.04,45.52,1662.98,,,,,,,-1,Sell,24/04/2025
BAB.L,56.76,17.39,10.42,740.59,,,,,,,0,Buy,24/04/2025
BAC,55.8,-1.09,-1.35,37.79,,,,,,,0,Buy,24/04/2025
BALL,42.95,-0.95,-1.03,48.12,,,,,,,0,Strong Buy,24/04/2025
BARC.L,57.04,-2.17,-5.8,278.52,,,,,,,0,Buy,24/04/2025
BATS.L,49.38,14.88,8.19,3166.8,,,,,,,0,Buy,24/04/2025
BAX,43.1,-1.26,-1.28,29.21,,,,,,,0,Strong Buy,24/04/2025
BBY,52.32,-3.51,-3.99,63.03,,,,,,,0,Strong Buy,24/04/2025
BDX,34.18,-7.14,-6.72,204.07,,,,,,,0,Hold,24/04/2025
BEN,53.5,-0.39,-0.44,17.99,,,,,,,0,Strong Buy,24/04/2025
BEZ.L,46.59,8.48,6.81,901.9,,,,,,,0,Buy,24/04/2025
BF.B,,,,,,,,,,,0,No Signal,24/04/2025
BG,53.41,1.26,0.83,77.32,,,,,,,0,Hold,24/04/2025
BIIB,37.1,-5.81,-5.97,119.75,,,,,,,0,Strong Buy,24/04/2025
BK,46.76,-1.78,-1.87,76.89,,,,,,,0,Buy,24/04/2025
BKG.L,70.49,85.4,51.58,3848.98,,,,,,,0,Hold,24/04/2025
BKNG,58.93,-14.93,-37.03,4564.56,,,,,,,0,Hold,24/04/2025
BKR,36.91,-1.56,-1.52,38.21,,,,,,,0,Hold,24/04/2025
BLDR,47.37,-4.4,-4.54,118.32,,,,,,,0,Strong Buy,24/04/2025
BLK,50.77,-17.61,-20.13,881.96,,,,,,,0,Strong Buy,24/04/2025
BMY,17.96,-2.53,-2.13,51.11,,,,,,,0,Hold,24/04/2025
BNZL.L,21.01,-183.52,-123.57,2615.23,,,,,,,0,Hold,24/04/2025
BP.L,35.34,-19.2,-20.54,362.24,,,,,,,0,Strong Buy,24/04/2025
BR,47.3,-0.21,-0.53,233.55,,,,,,,0,Buy,24/04/2025
BRK.B,,,,,,,,,,,0,No Signal,24/04/2025
BRO,40.49,-0.23,0.07,117.84,,,,,,,0,Sell,24/04/2025
BSX,50.67,-1.11,-1.44,95.58,,,,,,,0,Strong Buy,24/04/2025
BT-A.L,38.93,2.18,1.82,164.71,,,,,,,0,Strong Buy,24/04/2025
BTRW.L,60.99,6.26,1.01,434.3,,,,,,,0,Hold,24/04/2025
BX,45.58,-5.81,-5.92,129.07,,,,,,,0,Strong Buy,24/04/2025
BXP,56.2,-0.79,-1.19,63.31,,,,,,,0,Hold,24/04/2025
C,56.78,-2.03,-2.51,64.15,,,,,,,0,Buy,24/04/2025
CAG,35.92,-0.18,-0.11,25.56,,,,,,,0,Sell,24/04/2025
CAH,45.95,0.94,0.94,132.97,,,,,,,0,Strong Sell,24/04/2025
CARR,44.6,-1.61,-1.64,59.72,,,,,,,0,Strong Buy,24/04/2025
CAT,46.14,-11.75,-12.51,295.14,,,,,,,0,Strong Buy,24/04/2025
CB,37.76,-0.8,-0.38,285.86,,,,,,,0,Sell,24/04/2025
CBOE,32.21,-0.16,0.27,214.8,,,,,,,0,Hold,24/04/2025
CBRE,47.54,-3.47,-3.79,119.59,,,,,,,0,Strong Buy,24/04/2025
CCEP.L,40,36.61,31.57,6702.42,,,,,,,0,Strong Buy,24/04/2025
CCH.L,58.06,106.62,83.26,3677.85,,,,,,,0,Hold,24/04/2025
CCI,41.32,1.04,0.94,101.31,,,,,,,0,Strong Buy,24/04/2025
CCL,56.91,-0.84,-1,18.1,,,,,,,0,Buy,24/04/2025
CDNS,58.12,0.53,-0.67,257.53,,,,,,,0,Hold,24/04/2025
CDW,52.87,-4.74,-5.55,152.39,,,,,,,0,Buy,24/04/2025
CEG,58.17,-6.23,-8.37,203.48,,,,,,,0,Hold,24/04/2025
CF,40.01,-0.86,-1.29,74.44,,,,,,,0,Strong Buy,24/04/2025
CFG,50.99,-1.62,-1.76,36.13,,,,,,,0,Strong Buy,24/04/2025
CHD,31.1,-1.26,-1.11,104.23,,,,,,,0,Hold,24/04/2025
CHRW,41.16,-2.4,-2.28,91.6,,,,,,,0,Sell,24/04/2025
CHTR,39.14,-7.95,-7,338.6,,,,,,,0,Hold,24/04/2025
CI,48.58,4.57,4.29,329.35,,,,,,,0,Strong Buy,24/04/2025
CINF,37.93,-2.75,-2.58,133.49,,,,,,,0,Hold,24/04/2025
CL,46.34,1.04,0.83,93.54,,,,,,,0,Hold,24/04/2025
CLX,36.58,-2.09,-2.25,139.52,,,,,,,0,Strong Buy,24/04/2025
CMCSA,43.88,-0.46,-0.45,34.27,,,,,,,0,Strong Sell,24/04/2025
CME,42.19,1.42,1.48,261.46,,,,,,,0,Hold,24/04/2025
CMG,45.84,-0.86,-0.86,48.45,,,,,,,0,Buy,24/04/2025
CMI,44.47,-13.33,-14.07,285.78,,,,,,,0,Strong Buy,24/04/2025
CMS,42.48,0.15,0.14,72.81,,,,,,,0,Hold,24/04/2025
CNA.L,49.24,1.81,0.89,149.16,,,,,,,0,Buy,24/04/2025
CNC,43.17,0.28,0.48,61.26,,,,,,,0,Sell,24/04/2025
CNP,49.84,0.55,0.56,36.78,,,,,,,0,Strong Sell,24/04/2025
COF,57.88,-2.66,-4.08,166.97,,,,,,,0,Buy,24/04/2025
COO,55.42,-1.16,-1.75,78.88,,,,,,,0,Hold,24/04/2025
COP,43.45,-2.72,-2.77,89.36,,,,,,,0,Strong Buy,24/04/2025
COR,44.36,5.75,6.05,282.2,,,,,,,0,Strong Sell,24/04/2025
COST,51.88,5.78,1.84,965.87,,,,,,,0,Hold,24/04/2025
CPAY,48.93,-10.63,-11.48,311.05,,,,,,,0,Strong Buy,24/04/2025
CPB,37.74,-0.35,-0.3,37.87,,,,,,,0,Sell,24/04/2025
CPG.L,39.62,-21.53,-29.4,2517.47,,,,,,,0,Strong Buy,24/04/2025
CPRT,66.72,1.34,1.07,59.02,,,,,,,0,Hold,24/04/2025
CPT,42.56,-1.75,-1.96,112.46,,,,,,,0,Strong Buy,24/04/2025
CRDA.L,61.67,-53.13,-94.23,2790.32,,,,,,,0,Buy,24/04/2025
CRL,32.78,-15.09,-14.35,114.14,,,,,,,0,Hold,24/04/2025
CRM,47.37,-10.21,-10.61,251.04,,,,,,,0,Strong Buy,24/04/2025
CRWD,61.36,2.78,0.49,371,,,,,,,0,Hold,24/04/2025
CSCO,44.66,-1.41,-1.34,56.27,,,,,,,0,Sell,24/04/2025
CSGP,58.75,0.67,0.35,79.12,,,,,,,0,Hold,24/04/2025
CSX,46.94,-0.7,-0.75,27.89,,,,,,,0,Strong Buy,24/04/2025
CTAS,52.55,1.64,1.25,204.12,,,,,,,0,Hold,24/04/2025
CTEC.L,45.96,0.12,-0.66,252.91,,,,,,,0,Buy,24/04/2025
CTRA,37.41,-0.67,-0.61,25.62,,,,,,,0,Hold,24/04/2025
CTSH,45.44,-2.48,-2.69,70.69,,,,,,,0,Strong Buy,24/04/2025
CTVA,49.28,-0.31,-0.51,59.82,,,,,,,0,Buy,24/04/2025
CVS,46.4,0.36,0.7,66.5,,,,,,,0,Strong Sell,24/04/2025
CVX,31.57,-6.21,-5.53,139.72,,,,,,,0,Hold,24/04/2025
CZR,63.02,-0.76,-1.11,25.71,,,,,,,0,Hold,24/04/2025
D,40.48,-0.43,-0.48,53.15,,,,,,,0,Strong Buy,24/04/2025
DAL,55.94,-2.47,-3.01,40.86,,,,,,,0,Buy,24/04/2025
DASH,54.88,-2.47,-2.78,178.99,,,,,,,0,Buy,24/04/2025
DAY,48.62,-1.23,-1.38,54.7,,,,,,,0,Buy,24/04/2025
DCC.L,45.01,-109.49,-111.06,4853.64,,,,,,,0,Buy,24/04/2025
DD,42.77,-3.86,-4.2,62.13,,,,,,,0,Strong Buy,24/04/2025
DE,53.06,-4.5,-5.35,453.25,,,,,,,0,Buy,24/04/2025
DECK,56.48,-5.91,-6.85,107.12,,,,,,,0,Buy,24/04/2025
DELL,63,-2.92,-3.95,84.3,,,,,,,0,Hold,24/04/2025
DFS,60.08,-0.43,-2.51,164.83,,,,,,,0,Hold,24/04/2025
DG,53.43,3.54,3.25,91.75,,,,,,,0,Hold,24/04/2025
DGE.L,55.02,-2.1,-14.44,2072.73,,,,,,,0,Buy,24/04/2025
DGX,54.92,0.37,-0.29,167.15,,,,,,,0,Buy,24/04/2025
DHI,52.89,-1.77,-2.26,122.27,,,,,,,0,Strong Buy,24/04/2025
DHR,49.06,-4.34,-5.18,191.18,,,,,,,0,Strong Buy,24/04/2025
DIS,47.6,-4.24,-4.61,86.7,,,,,,,0,Strong Buy,24/04/2025
DLR,64.42,-0.44,-1.55,147.12,,,,,,,0,Hold,24/04/2025
DLTR,78.98,2.7,1.72,76.56,,,,,,,0,Hold,24/04/2025
DOC,43.83,-0.34,-0.37,18.72,,,,,,,0,Strong Buy,24/04/2025
DOV,53.57,-5.24,-6.13,163.55,,,,,,,0,Buy,24/04/2025
DOW,42.7,-1.99,-2.13,29.07,,,,,,,0,Strong Buy,24/04/2025
DPLM.L,56.37,-72.31,-92.21,3825.97,,,,,,,0,Buy,24/04/2025
DPZ,59.01,5.36,2.76,468.69,,,,,,,0,Hold,24/04/2025
DRI,52.64,1.25,0.95,198.63,,,,,,,0,Strong Buy,24/04/2025
DTE,44.5,0.39,0.23,133.4,,,,,,,0,Hold,24/04/2025
DUK,43.27,0.99,0.85,120.31,,,,,,,0,Hold,24/04/2025
DVA,34.85,-3.34,-2.1,143.11,,,,,,,0,Hold,24/04/2025
DVN,44.69,-1.33,-1.43,30.5,,,,,,,0,Strong Buy,24/04/2025
DXCM,63.01,-1.9,-2.47,67.02,,,,,,,0,Hold,24/04/2025
EA,48.62,1.39,1.28,142.98,,,,,,,0,Hold,24/04/2025
EBAY,50.78,0.02,-0.29,65.51,,,,,,,0,Hold,24/04/2025
ECL,40.78,-4.66,-4.91,237.87,,,,,,,0,Strong Buy,24/04/2025
ED,49.51,2.04,1.99,110.88,,,,,,,0,Buy,24/04/2025
EDV.L,65.36,109.54,92.02,2017.86,,,,,,,0,Hold,24/04/2025
EFX,58.11,-2.1,-4.55,229.57,,,,,,,0,Strong Buy,24/04/2025
EG,47.38,-0.56,-1.09,350.61,,,,,,,0,Strong Buy,24/04/2025
EIX,51.96,0.36,0.22,56.77,,,,,,,0,Hold,24/04/2025
EL,48.28,-3.25,-3.59,56.16,,,,,,,0,Strong Buy,24/04/2025
ELV,37.37,1.17,3.64,427.14,,,,,,,0,Sell,24/04/2025
EMN,48.13,-3.36,-3.72,78.9,,,,,,,0,Strong Buy,24/04/2025
EMR,48.97,-3.73,-4.05,100.68,,,,,,,0,Strong Buy,24/04/2025
ENPH,32.02,-2.93,-2.49,52.48,,,,,,,0,Hold,24/04/2025
ENT.L,55.34,-21.82,-29.99,562.21,,,,,,,0,Buy,24/04/2025
EOG,42.13,-3.82,-4.06,111.02,,,,,,,0,Strong Buy,24/04/2025
EPAM,47.55,-10.73,-12.22,151.47,,,,,,,0,Strong Buy,24/04/2025
EQIX,51.7,-16.06,-20.6,790.06,,,,,,,0,Buy,24/04/2025
EQR,51.98,-0.4,-0.76,67.62,,,,,,,0,Hold,24/04/2025
EQT,41.01,-0.58,-0.42,49.61,,,,,,,0,Sell,24/04/2025
ERIE,46.71,-1.3,-1.38,408.83,,,,,,,0,Hold,24/04/2025
ES,38.46,-0.77,-0.8,57.8,,,,,,,0,Strong Buy,24/04/2025
ESS,40.63,-5.68,-6.04,275.46,,,,,,,0,Strong Buy,24/04/2025
ETN,56.87,-5.01,-5.92,270.64,,,,,,,0,Buy,24/04/2025
ETR,48.03,-0.17,-0.33,82.59,,,,,,,0,Strong Buy,24/04/2025
EVRG,45.71,0.28,0.18,67.43,,,,,,,0,Hold,24/04/2025
EW,42.81,-0.17,-0.24,70.3,,,,,,,0,Buy,24/04/2025
EXC,47.7,0.82,0.78,46.3,,,,,,,0,Hold,24/04/2025
EXE,41.77,-0.36,-0.21,104.23,,,,,,,0,Sell,24/04/2025
EXPD,44.49,-2.71,-2.41,108.59,,,,,,,0,Sell,24/04/2025
EXPE,52.63,-5.66,-6.64,152.99,,,,,,,0,Buy,24/04/2025
EXPN.L,49.13,-18.83,-51.27,3480.23,,,,,,,0,Buy,24/04/2025
EXR,46.96,-1.97,-2.7,139.32,,,,,,,0,Buy,24/04/2025
EZJ.L,72.13,1.17,-5.1,471.75,,,,,,,0,Hold,24/04/2025
F,53.26,-0.04,-0.06,9.57,,,,,,,0,Strong Buy,24/04/2025
FANG,46.43,-5.13,-5.7,134.58,,,,,,,0,Strong Buy,24/04/2025
FAST,54.42,1.35,1.05,79.46,,,,,,,0,Hold,24/04/2025
FCIT.L,46.68,-24.62,-29.44,1016.8,,,,,,,0,Strong Buy,24/04/2025
FCX,54.82,-1.03,-1.24,33.82,,,,,,,0,Strong Buy,24/04/2025
FDS,45.58,-5.19,-5.5,425.79,,,,,,,0,Strong Buy,24/04/2025
FDX,46.67,-9.92,-10.33,211.18,,,,,,,0,Strong Buy,24/04/2025
FE,59.09,0.67,0.43,41.24,,,,,,,0,Hold,24/04/2025
FFIV,56.95,-3.74,-4.57,258.32,,,,,,,0,Buy,24/04/2025
FI,50.15,-1.79,-2.63,211.51,,,,,,,0,Buy,24/04/2025
FICO,58.9,16.98,10.75,1869.82,,,,,,,0,Hold,24/04/2025
FIS,57.94,0.97,0.25,74.29,,,,,,,0,Hold,24/04/2025
FITB,48.4,-1.37,-1.46,34.89,,,,,,,0,Strong Buy,24/04/2025
FOX,39.99,-1.42,-1.28,45.72,,,,,,,0,Hold,24/04/2025
FOXA,40.41,-1.51,-1.33,49.29,,,,,,,0,Hold,24/04/2025
FRES.L,57.35,41.32,38.46,990.78,,,,,,,0,Buy,24/04/2025
FRT,53.77,-1.22,-1.83,92.65,,,,,,,0,Hold,24/04/2025
FSLR,46.69,-1.98,-3.01,128.48,,,,,,,0,Buy,24/04/2025
FTNT,59.67,-0.95,-1.29,95.55,,,,,,,0,Buy,24/04/2025
FTV,48.81,-2.46,-2.69,66.39,,,,,,,0,Strong Buy,24/04/2025
GAW.L,61.92,135.67,-8.19,14278.03,,,,,,,0,Hold,24/04/2025
GD,48.3,3.04,3.11,270.98,,,,,,,0,Strong Sell,24/04/2025
GDDY,50.27,-2.19,-2.71,172.31,,,,,,,0,Strong Buy,24/04/2025
GE,54.06,-3.15,-4.01,186.03,,,,,,,0,Strong Buy,24/04/2025
GEHC,39.94,-5.18,-5.39,64.46,,,,,,,0,Strong Buy,24/04/2025
GEN,41.76,-0.74,-0.74,24.61,,,,,,,0,Strong Buy,24/04/2025
GEV,62.46,1.77,-0.92,320.65,,,,,,,0,Hold,24/04/2025
GILD,37.7,-0.99,-0.91,105.76,,,,,,,0,Hold,24/04/2025
GIS,37.85,-0.46,-0.47,57.78,,,,,,,0,Strong Buy,24/04/2025
GL,44.52,-1.22,-1.17,121.49,,,,,,,0,Sell,24/04/2025
GLEN.L,51.01,-12.23,-15.63,260.03,,,,,,,0,Strong Buy,24/04/2025
GLW,52.33,-1.41,-1.59,42.1,,,,,,,0,Strong Buy,24/04/2025
GM,49.77,-0.85,-0.96,45.09,,,,,,,0,Strong Buy,24/04/2025
GNRC,44.57,-5.95,-6.17,112.31,,,,,,,0,Strong Buy,24/04/2025
GOOG,54.65,-3.54,-4.14,155.83,,,,,,,0,Buy,24/04/2025
GOOGL,54.32,-3.64,-4.23,153.57,,,,,,,0,Buy,24/04/2025
GPC,46.64,-1.57,-1.78,114.64,,,,,,,0,Strong Buy,24/04/2025
GPN,30.97,-6.89,-5.64,79.09,,,,,,,0,Hold,24/04/2025
GRMN,56.77,-5.72,-6.33,192.09,,,,,,,0,Strong Buy,24/04/2025
GS,54.43,-13.49,-17.69,512.09,,,,,,,0,Buy,24/04/2025
GSK.L,34.62,-28.54,-34.78,1363.93,,,,,,,0,Strong Buy,24/04/2025
GWW,54.19,0.43,-3.17,985.42,,,,,,,0,Hold,24/04/2025
HAL,42.55,-1,-1.02,21.57,,,,,,,0,Strong Buy,24/04/2025
HAS,44.19,-2.31,-2.26,53.31,,,,,,,0,Hold,24/04/2025
HBAN,56.95,-0.35,-0.46,13.66,,,,,,,0,Buy,24/04/2025
HCA,42.71,-0.07,1.17,332.27,,,,,,,0,Sell,24/04/2025
HD,50.3,-4.16,-5.18,353.43,,,,,,,0,Buy,24/04/2025
HES,33.88,-5.78,-5.17,132.3,,,,,,,0,Hold,24/04/2025
HIG,43.58,-0.19,-0.22,117.37,,,,,,,0,Hold,24/04/2025
HII,64.67,6.44,5.49,212.28,,,,,,,0,Hold,24/04/2025
HIK.L,44.35,-43.58,-56.32,1889.55,,,,,,,0,Buy,24/04/2025
HLMA.L,57.33,-3.51,-27.64,2622.73,,,,,,,0,Buy,24/04/2025
HLN.L,38.68,-2.05,-3.02,379.4,,,,,,,0,Strong Buy,24/04/2025
HLT,48.52,-7.06,-7.94,212.57,,,,,,,0,Strong Buy,24/04/2025
HOLX,37.39,-1.35,-1.36,58.37,,,,,,,0,Strong Buy,24/04/2025
HON,43.35,-3.52,-3.69,197.77,,,,,,,0,Strong Buy,24/04/2025
HPE,61.12,-0.46,-0.7,14.83,,,,,,,0,Hold,24/04/2025
HPQ,54.12,-1.32,-1.51,24.27,,,,,,,0,Strong Buy,24/04/2025
HRL,46.93,0.29,0.25,30.32,,,,,,,0,Buy,24/04/2025
HSBA.L,52.21,-14.34,-23.21,800.97,,,,,,,0,Strong Buy,24/04/2025
HSIC,47.23,-1.78,-1.95,65,,,,,,,0,Strong Buy,24/04/2025
HST,55.4,-0.34,-0.42,13.7,,,,,,,0,Buy,24/04/2025
HSX.L,44.2,4.03,2.24,1148.57,,,,,,,0,Buy,24/04/2025
HSY,49.62,-0.47,-0.68,166.39,,,,,,,0,Buy,24/04/2025
HUBB,61.78,-2.49,-4.14,339.76,,,,,,,0,Hold,24/04/2025
HUM,49.24,-0.01,1.94,269.26,,,,,,,0,Sell,24/04/2025
HWDN.L,52.71,-8.92,-13,712.38,,,,,,,0,Buy,24/04/2025
HWM,54.19,-1.01,-1.28,124.84,,,,,,,0,Hold,24/04/2025
IAG.L,49.89,-10.51,-14.51,254.62,,,,,,,0,Strong Buy,24/04/2025
IBM,51.47,-1.79,-2.78,239.26,,,,,,,0,Hold,24/04/2025
ICE,41.53,-2.78,-2.85,159.87,,,,,,,0,Strong Buy,24/04/2025
ICG.L,49.18,-80.25,-100.12,1778.62,,,,,,,0,Strong Buy,24/04/2025
IDXX,54.96,-2.18,-5.72,408.65,,,,,,,0,Hold,24/04/2025
IEX,48.3,-5.48,-5.76,167.47,,,,,,,0,Strong Buy,24/04/2025
IFF,48.89,-1.39,-1.8,73.69,,,,,,,0,Buy,24/04/2025
IHG.L,45.98,-314.36,-371.91,7757.05,,,,,,,0,Strong Buy,24/04/2025
III.L,66.83,106.62,52.01,3998.06,,,,,,,0,Hold,24/04/2025
IMB.L,62.86,63.97,46.48,2945.24,,,,,,,0,Hold,24/04/2025
IMI.L,44.39,-59.22,-66.25,1722.7,,,,,,,0,Strong Buy,24/04/2025
INCY,38.68,-2.03,-2.22,58.31,,,,,,,0,Strong Buy,24/04/2025
INF.L,46.49,-23.51,-28.42,701.95,,,,,,,0,Strong Buy,24/04/2025
INTC,43.07,-0.82,-0.79,20.05,,,,,,,0,Sell,24/04/2025
INTU,49.63,-3.2,-3.63,586.32,,,,,,,0,Hold,24/04/2025
INVH,49.77,0.11,0,33.26,,,,,,,0,Hold,24/04/2025
IP,42.97,-1.77,-1.7,47.23,,,,,,,0,Hold,24/04/2025
IPG,46.8,-0.69,-0.68,24.25,,,,,,,0,Sell,24/04/2025
IQV,35.83,-10.21,-10.1,149.96,,,,,,,0,Hold,24/04/2025
IR,49.72,-2.65,-2.93,72.76,,,,,,,0,Strong Buy,24/04/2025
IRM,51.98,-1.3,-1.69,83.2,,,,,,,0,Buy,24/04/2025
ISRG,48.42,-9.45,-10.85,484.58,,,,,,,0,Buy,24/04/2025
IT,50.67,-13.35,-16.24,402.68,,,,,,,0,Buy,24/04/2025
ITRK.L,41.84,-117.34,-139.84,4536.32,,,,,,,0,Strong Buy,24/04/2025
ITW,48.03,-5.02,-5.83,233.69,,,,,,,0,Strong Buy,24/04/2025
IVZ,47.55,-0.71,-0.8,13.26,,,,,,,0,Strong Buy,24/04/2025
J,51.23,-1.56,-2.03,117.54,,,,,,,0,Buy,24/04/2025
JBHT,44.72,-6.45,-6.34,132.77,,,,,,,0,Hold,24/04/2025
JBL,63.68,-2.01,-3.05,133.57,,,,,,,0,Hold,24/04/2025
JCI,51.89,-1.11,-1.26,77.14,,,,,,,0,Strong Buy,24/04/2025
JD.L,70.43,0.36,-0.84,74.06,,,,,,,0,Hold,24/04/2025
JKHY,36.55,-1.25,-1.11,172.7,,,,,,,0,Hold,24/04/2025
JNJ,41.8,-1.2,-1.58,155.46,,,,,,,0,Hold,24/04/2025
JNPR,50.85,-0.32,-0.35,34.78,,,,,,,0,Buy,24/04/2025
JPM,58.37,-2.12,-3.44,233.28,,,,,,,0,Hold,24/04/2025
K,55.6,0.09,0.06,82.42,,,,,,,0,Hold,24/04/2025
KDP,46.1,0.52,0.51,35.04,,,,,,,0,Hold,24/04/2025
KEY,53.88,-0.49,-0.55,14.28,,,,,,,0,Strong Buy,24/04/2025
KEYS,51.49,-5.35,-5.91,136.66,,,,,,,0,Strong Buy,24/04/2025
KGF.L,54.71,3.69,1.86,262.77,,,,,,,0,Hold,24/04/2025
KHC,45.63,-0.05,-0.14,29.64,,,,,,,0,Hold,24/04/2025
KIM,54.21,-0.18,-0.25,20.29,,,,,,,0,Hold,24/04/2025
KKR,53.38,-4.68,-5.4,103.98,,,,,,,0,Buy,24/04/2025
KLAC,55.34,-14.23,-15.11,649.79,,,,,,,0,Hold,24/04/2025
KMB,33.85,-0.24,0.13,138.73,,,,,,,0,Strong Sell,24/04/2025
KMI,43.12,-0.23,-0.21,26.67,,,,,,,0,Sell,24/04/2025
KMX,35.33,-3.3,-2.73,67.79,,,,,,,0,Hold,24/04/2025
KO,50.46,0.98,0.8,72.11,,,,,,,0,Hold,24/04/2025
KR,54.22,1.63,1.27,69.92,,,,,,,0,Hold,24/04/2025
KVUE,44.91,-0.04,-0.07,22.78,,,,,,,0,Strong Buy,24/04/2025
L,40.29,-0.49,-0.39,85.63,,,,,,,0,Sell,24/04/2025
LAND.L,54.01,5.4,-0.87,560.75,,,,,,,0,Buy,24/04/2025
LDOS,54.96,1.38,1.14,139.68,,,,,,,0,Hold,24/04/2025
LEN,49.5,-3.4,-3.75,106.51,,,,,,,0,Strong Buy,24/04/2025
LGEN.L,48.22,1.22,-0.28,240.56,,,,,,,0,Buy,24/04/2025
LH,44,-5.01,-5.05,222.65,,,,,,,0,Hold,24/04/2025
LHX,57.13,2.12,1.88,215.25,,,,,,,0,Buy,24/04/2025
LII,40.87,-11.05,-10.65,545.87,,,,,,,0,Hold,24/04/2025
LIN,43.76,-2.07,-2.78,447.9,,,,,,,0,Buy,24/04/2025
LKQ,49.79,0.19,0.16,41.68,,,,,,,0,Strong Buy,24/04/2025
LLOY.L,54.33,0.65,0.19,70.42,,,,,,,0,Buy,24/04/2025
LLY,56.2,-5.5,-14.8,792.56,,,,,,,0,Hold,24/04/2025
LMP.L,55.02,2.53,1.12,186.68,,,,,,,0,Buy,24/04/2025
LMT,54.15,3.44,2.73,461.96,,,,,,,0,Buy,24/04/2025
LNT,37.7,-0.54,-0.48,61.03,,,,,,,0,Hold,24/04/2025
LOW,46.86,-4.47,-4.64,218.63,,,,,,,0,Strong Buy,24/04/2025
LRCX,51.93,-2.88,-2.98,66.09,,,,,,,0,Buy,24/04/2025
LSEG.L,41.83,48.79,-2.31,11343.48,,,,,,,0,Buy,24/04/2025
LULU,54.96,-18.39,-20.48,263.39,,,,,,,0,Buy,24/04/2025
LUV,39.14,-1.78,-1.59,26.07,,,,,,,0,Hold,24/04/2025
LVS,43.43,-2.24,-2.52,33.73,,,,,,,0,Strong Buy,24/04/2025
LW,31.31,-0.38,-0.12,53.58,,,,,,,0,Hold,24/04/2025
LYB,41.14,-3.9,-4.08,58.47,,,,,,,0,Strong Buy,24/04/2025
LYV,56.26,-0.48,-1.04,127.53,,,,,,,0,Buy,24/04/2025
MA,50.1,-4.98,-7.21,518.27,,,,,,,0,Buy,24/04/2025
MAA,46.98,-1.04,-1.33,156.77,,,,,,,0,Strong Buy,24/04/2025
MAR,53.43,-7.79,-9.06,224.05,,,,,,,0,Buy,24/04/2025
MAS,38.21,-2.87,-2.84,61.98,,,,,,,0,Hold,24/04/2025
MCD,50.18,2.42,1.74,311.92,,,,,,,0,Hold,24/04/2025
MCHP,52.04,-3.28,-3.68,40.69,,,,,,,0,Strong Buy,24/04/2025
MCK,41.24,11.08,11.64,687.01,,,,,,,0,Strong Sell,24/04/2025
MCO,46.36,-10.43,-11.43,429.55,,,,,,,0,Strong Buy,24/04/2025
MDLZ,48.01,0.8,0.79,67.09,,,,,,,0,Buy,24/04/2025
MDT,39.33,-1.74,-1.76,83.71,,,,,,,0,Strong Buy,24/04/2025
MET,47.11,-2.26,-2.43,73.27,,,,,,,0,Strong Buy,24/04/2025
META,47.79,-28.06,-27.57,522.49,,,,,,,0,Hold,24/04/2025
MGM,62.01,-0.56,-0.85,29.49,,,,,,,0,Hold,24/04/2025
MHK,47.27,-3.17,-3.26,104.58,,,,,,,0,Strong Buy,24/04/2025
MKC,41.7,-1.18,-1.17,76.07,,,,,,,0,Sell,24/04/2025
MKS.L,64.29,14.49,12.09,390.09,,,,,,,0,Hold,24/04/2025
MKTX,51.58,3.05,2.76,218.93,,,,,,,0,Hold,24/04/2025
MLM,55.02,2.08,0.27,488.96,,,,,,,0,Hold,24/04/2025
MMC,33.19,-3.54,-1.97,225.51,,,,,,,0,Hold,24/04/2025
MMM,46.7,-3.82,-3.92,134.58,,,,,,,0,Hold,24/04/2025
MNDI.L,57.73,-22.87,-32.34,1110.56,,,,,,,0,Buy,24/04/2025
MNG.L,52.52,-2.56,-4.85,195.27,,,,,,,0,Buy,24/04/2025
MNST,47.72,0.82,0.88,58.34,,,,,,,0,Strong Sell,24/04/2025
MO,54.52,0.5,0.42,57.65,,,,,,,0,Buy,24/04/2025
MOH,40.91,2.23,4.63,328.73,,,,,,,0,Strong Sell,24/04/2025
MOS,59.84,0.38,0.13,26.68,,,,,,,0,Hold,24/04/2025
MPC,55.29,-3.92,-4.72,129.25,,,,,,,0,Strong Buy,24/04/2025
MPWR,55.12,-19.94,-22.44,527.75,,,,,,,0,Buy,24/04/2025
MRK,32.73,-3.25,-3.21,79.81,,,,,,,0,Hold,24/04/2025
MRNA,53.22,-1.75,-1.93,26.2,,,,,,,0,Buy,24/04/2025
MRO.L,40.68,-30.96,-34.83,423.59,,,,,,,0,Strong Buy,24/04/2025
MS,55.1,-2.83,-3.55,109.67,,,,,,,0,Buy,24/04/2025
MSCI,46.88,-6.61,-7.08,540.78,,,,,,,0,Strong Buy,24/04/2025
MSFT,50.55,-5.16,-5.13,373.65,,,,,,,0,Strong Sell,24/04/2025
MSI,45.04,-2.18,-2.79,420.6,,,,,,,0,Buy,24/04/2025
MTB,52.17,-4.91,-5.49,162.28,,,,,,,0,Strong Buy,24/04/2025
MTCH,46.99,-0.53,-0.66,29.24,,,,,,,0,Buy,24/04/2025
MTD,45.69,-53.39,-54.93,1038.6,,,,,,,0,Strong Buy,24/04/2025
MU,48.55,-5.86,-6.1,72.24,,,,,,,0,Strong Buy,24/04/2025
NCLH,54.55,-1.11,-1.27,16.78,,,,,,,0,Strong Buy,24/04/2025
NDAQ,49.39,-1.01,-1.28,72.31,,,,,,,0,Buy,24/04/2025
NDSN,48.74,-6.11,-6.63,183.76,,,,,,,0,Strong Buy,24/04/2025
NEE,38.98,-1.11,-1.1,66.91,,,,,,,0,Sell,24/04/2025
NEM,62.2,2.35,2.09,52.75,,,,,,,0,Hold,24/04/2025
NFLX,69.57,18.03,5.71,975,,,,,,,0,Sell,24/04/2025
NG.L,51.37,26.87,21.26,1049.88,,,,,,,0,Hold,24/04/2025
NI,47.48,-0.07,-0.11,38.89,,,,,,,0,Strong Buy,24/04/2025
NKE,53.88,-3.66,-4.12,57.01,,,,,,,0,Strong Buy,24/04/2025
NOC,38.82,3.33,7.64,507.62,,,,,,,0,Hold,24/04/2025
NOW,55.29,-19.51,-24.43,787.42,,,,,,,0,Buy,24/04/2025
NRG,59.41,0.26,-0.5,96.62,,,,,,,0,Hold,24/04/2025
NSC,51.01,-4.29,-5.04,220.07,,,,,,,0,Strong Buy,24/04/2025
NTAP,56.54,-3.45,-4.27,83.18,,,,,,,0,Buy,24/04/2025
NTRS,50.03,-3.13,-3.47,89.75,,,,,,,0,Strong Buy,24/04/2025
NUE,52.53,-4.34,-4.74,111.11,,,,,,,0,Strong Buy,24/04/2025
NVDA,50.72,-3.94,-3.87,104.2,,,,,,,0,Strong Sell,24/04/2025
NVR,49.42,-49.4,-57.21,7140.45,,,,,,,0,Buy,24/04/2025
NWG.L,56.43,4.29,0.24,455.22,,,,,,,0,Buy,24/04/2025
NWS,56.82,-0.17,-0.33,29.99,,,,,,,0,Hold,24/04/2025
NWSA,52.78,-0.31,-0.41,26.01,,,,,,,0,Buy,24/04/2025
NXPI,54.62,-7.72,-9.22,174.86,,,,,,,0,Buy,24/04/2025
NXT.L,56.05,476.08,453.33,11660.85,,,,,,,0,Hold,24/04/2025
O,54.05,0.54,0.25,56.95,,,,,,,0,Hold,24/04/2025
ODFL,47.94,-5.09,-5.33,154.16,,,,,,,0,Strong Buy,24/04/2025
OKE,38.86,-3.39,-3.4,85.29,,,,,,,0,Strong Buy,24/04/2025
OMC,45.98,-2.02,-1.98,74.26,,,,,,,0,Sell,24/04/2025
ON,52.32,-2.4,-2.7,36.05,,,,,,,0,Buy,24/04/2025
ORCL,45.35,-6.16,-6.42,131.43,,,,,,,0,Strong Buy,24/04/2025
ORLY,41.53,7.69,9.72,1381.98,,,,,,,0,Strong Sell,24/04/2025
OTIS,32.91,-1.09,-0.89,96.99,,,,,,,0,Hold,24/04/2025
OXY,40.26,-2.17,-2.24,39.98,,,,,,,0,Strong Buy,24/04/2025
PANW,52.42,-3.7,-4.17,167.15,,,,,,,0,Buy,24/04/2025
PARA,45.24,-0.15,-0.15,11,,,,,,,0,Sell,24/04/2025
PAYC,53.15,0.11,-0.16,213.81,,,,,,,0,Hold,24/04/2025
PAYX,38.21,-1.28,-0.95,144.86,,,,,,,0,Hold,24/04/2025
PCAR,44.15,-3.33,-3.44,89.74,,,,,,,0,Strong Buy,24/04/2025
PCG,53.32,0.17,0.12,17.09,,,,,,,0,Hold,24/04/2025
PCT.L,51.58,-10.59,-12.53,276.01,,,,,,,0,Strong Buy,24/04/2025
PEG,50.8,0.13,0.06,81.84,,,,,,,0,Hold,24/04/2025
PEP,36.55,-1.73,-1.55,143.69,,,,,,,0,Sell,24/04/2025
PFE,34.37,-0.88,-0.91,22.58,,,,,,,0,Strong Buy,24/04/2025
PFG,41.8,-2.88,-2.81,73.87,,,,,,,0,Hold,24/04/2025
PG,42.94,-0.18,-0.48,166.14,,,,,,,0,Buy,24/04/2025
PGR,36.91,-2.16,-1.19,268.73,,,,,,,0,Sell,24/04/2025
PH,55.13,-15.74,-18.22,568.71,,,,,,,0,Buy,24/04/2025
PHM,54.41,-1.81,-2.3,97.31,,,,,,,0,Strong Buy,24/04/2025
PHNX.L,63.31,9.96,6.9,567.45,,,,,,,0,Hold,24/04/2025
PKG,45.65,-3.97,-4.17,187.11,,,,,,,0,Strong Buy,24/04/2025
PLD,49.85,-3.27,-3.84,100.35,,,,,,,0,Strong Buy,24/04/2025
PLTR,63.95,2.15,1.02,92.17,,,,,,,0,Hold,24/04/2025
PM,58.33,3.48,2.63,160.11,,,,,,,0,Hold,24/04/2025
PNC,47.58,-5.77,-6.36,155.33,,,,,,,0,Strong Buy,24/04/2025
PNR,60.53,-1.36,-2.03,83.09,,,,,,,0,Hold,24/04/2025
PNW,47.65,0.53,0.39,93.43,,,,,,,0,Hold,24/04/2025
PODD,44.48,-4.91,-4.11,250.12,,,,,,,0,Sell,24/04/2025
POOL,47.73,-6.52,-7.05,307.63,,,,,,,0,Strong Buy,24/04/2025
PPG,47.24,-2.83,-3.19,101.22,,,,,,,0,Buy,24/04/2025
PPL,50.08,0.33,0.23,35.41,,,,,,,0,Hold,24/04/2025
PRU,45.77,-2.81,-2.9,100.79,,,,,,,0,Strong Buy,24/04/2025
PRU.L,52.23,5.95,2.79,776.99,,,,,,,0,Hold,24/04/2025
PSA,50.29,-0.88,-2.27,290.08,,,,,,,0,Hold,24/04/2025
PSH.L,46.91,-120.84,-145.03,3443.32,,,,,,,0,Strong Buy,24/04/2025
PSN.L,51.95,9.71,-2.67,1197.37,,,,,,,0,Buy,24/04/2025
PSON.L,42.2,-24.13,-27,1171.53,,,,,,,0,Strong Buy,24/04/2025
PSX,44.99,-6.19,-6.47,101.56,,,,,,,0,Strong Buy,24/04/2025
PTC,48.15,-4.23,-4.64,145.68,,,,,,,0,Strong Buy,24/04/2025
PWR,60.86,0.66,-0.53,264.5,,,,,,,0,Hold,24/04/2025
PYPL,51.66,-2.24,-2.57,61.91,,,,,,,0,Buy,24/04/2025
QCOM,50.85,-4.66,-5.24,139.11,,,,,,,0,Buy,24/04/2025
RCL,61.04,-5.52,-7.38,196.95,,,,,,,0,Hold,24/04/2025
REG,49.65,-0.26,-0.52,70.92,,,,,,,0,Hold,24/04/2025
REGN,44.08,-23.72,-27.12,576.97,,,,,,,0,Strong Buy,24/04/2025
REL.L,52.25,29.18,4.76,3871.73,,,,,,,0,Buy,24/04/2025
RF,53.41,-0.63,-0.73,19.64,,,,,,,0,Strong Buy,24/04/2025
RIO.L,48.37,-75.45,-114.89,4442.92,,,,,,,0,Strong Buy,24/04/2025
RJF,56.24,-2.63,-3.3,134,,,,,,,0,Buy,24/04/2025
RKT.L,29.15,-104.1,-88.8,4868.6,,,,,,,0,Hold,24/04/2025
RL,59.1,-6.49,-8.44,206.58,,,,,,,0,Strong Buy,24/04/2025
RMD,50.97,-3.08,-3.59,213.76,,,,,,,0,Buy,24/04/2025
RMV.L,58.25,17.29,13.5,724.22,,,,,,,0,Hold,24/04/2025
ROK,50.37,-8.65,-9.67,235.52,,,,,,,0,Strong Buy,24/04/2025
ROL,46.64,0.87,0.82,54.65,,,,,,,0,Hold,24/04/2025
ROP,41.2,-5.87,-5.22,555.17,,,,,,,0,Sell,24/04/2025
ROST,60.35,1.98,1.51,136.88,,,,,,,0,Hold,24/04/2025
RR.L,44.3,-6.11,-6.78,717.13,,,,,,,0,Buy,24/04/2025
RSG,43.23,2.27,2.48,241.1,,,,,,,0,Strong Sell,24/04/2025
RTO.L,50.43,-4.24,-6.48,337.96,,,,,,,0,Buy,24/04/2025
RTX,40.17,-1.96,-1.2,124.83,,,,,,,0,Hold,24/04/2025
RVTY,42.35,-4.52,-4.45,95,,,,,,,0,Hold,24/04/2025
SBAC,44.16,2.76,2.13,223.53,,,,,,,0,Hold,24/04/2025
SBRY.L,64.5,3.89,0.56,249.57,,,,,,,0,Hold,24/04/2025
SBUX,41.2,-4.88,-4.94,84.23,,,,,,,0,Strong Buy,24/04/2025
SCHW,56.46,-0.21,-0.49,76.04,,,,,,,0,Hold,24/04/2025
SDR.L,42.56,-13.3,-15.49,318.34,,,,,,,0,Strong Buy,24/04/2025
SGE.L,46.39,-12.24,-17.93,1171.23,,,,,,,0,Buy,24/04/2025
SGRO.L,48.84,-1.19,-7.64,674.13,,,,,,,0,Buy,24/04/2025
SHEL.L,31.59,-67.62,-68.95,2444.11,,,,,,,1,Buy,24/04/2025
SHW,45.33,-4.12,-4.16,332.77,,,,,,,0,Hold,24/04/2025
SJM,48.53,1.29,1.3,116.13,,,,,,,0,Strong Sell,24/04/2025
SLB,36.21,-1.71,-1.69,35.03,,,,,,,0,Hold,24/04/2025
SMCI,51.25,-1.89,-1.9,32.54,,,,,,,0,Hold,24/04/2025
SMIN.L,42.91,-45.05,-49.12,1806.44,,,,,,,0,Strong Buy,24/04/2025
SMT.L,45.85,-29.93,-33.49,875.26,,,,,,,0,Strong Buy,24/04/2025
SN.L,35.94,-24.52,-26.3,999.38,,,,,,,1,Buy,24/04/2025
SNA,40.27,-7.06,-4.8,316.05,,,,,,,0,Hold,24/04/2025
SNPS,51.33,-9.4,-11.28,416.34,,,,,,,0,Buy,24/04/2025
SO,45.52,0.54,0.45,90.56,,,,,,,0,Hold,24/04/2025
SOLV,41.68,-2.52,-2.42,66.68,,,,,,,0,Hold,24/04/2025
SPG,50.11,-4.59,-5.2,151.21,,,,,,,0,Strong Buy,24/04/2025
SPGI,44.04,-10.25,-10.81,467.5,,,,,,,0,Strong Buy,24/04/2025
SPX.L,46.68,-256.22,-297.43,5903.58,,,,,,,0,Strong Buy,24/04/2025
SRE,56.41,0,-0.64,70.4,,,,,,,0,Hold,24/04/2025
SSE.L,45.82,21.13,17.15,1595.83,,,,,,,0,Buy,24/04/2025
STAN.L,59.43,-25.76,-40.05,1030.23,,,,,,,0,Strong Buy,24/04/2025
STE,52.24,-0.28,-0.66,221.22,,,,,,,0,Hold,24/04/2025
STJ.L,51.76,-28.17,-37.43,893.46,,,,,,,0,Buy,24/04/2025
STLD,56.7,-1.78,-2.16,118.54,,,,,,,0,Strong Buy,24/04/2025
STT,54.6,-1.89,-2.5,82.33,,,,,,,0,Buy,24/04/2025
STX,59.5,-3.37,-4.23,75.01,,,,,,,0,Buy,24/04/2025
STZ,58.08,1.77,1.26,184.61,,,,,,,0,Hold,24/04/2025
SVT.L,49.54,65.66,53.78,2659.53,,,,,,,0,Hold,24/04/2025
SW,47.46,-1.41,-1.63,41.61,,,,,,,0,Strong Buy,24/04/2025
SWK,41.22,-5.86,-5.91,60.53,,,,,,,0,Strong Buy,24/04/2025
SWKS,52.73,-2.66,-3.1,57.68,,,,,,,0,Buy,24/04/2025
SYF,57.51,-1.86,-2.31,48.31,,,,,,,0,Buy,24/04/2025
SYK,44.86,-6.59,-7,351.37,,,,,,,0,Buy,24/04/2025
SYY,44.5,-0.17,-0.35,71.85,,,,,,,0,Buy,24/04/2025
T,41.11,0.12,0.17,26.96,,,,,,,0,Strong Sell,24/04/2025
TAP,33.79,-0.25,-0.03,59.35,,,,,,,0,Hold,24/04/2025
TDG,48.65,-4.83,-6.22,1327.66,,,,,,,0,Hold,24/04/2025
TDY,41.09,-9.84,-9.36,461.71,,,,,,,0,Sell,24/04/2025
TECH,41.68,-3.23,-3.23,50.88,,,,,,,0,Hold,24/04/2025
TEL,56.83,-3.52,-4.32,131.71,,,,,,,0,Buy,24/04/2025
TER,47.81,-5.9,-6.53,73.62,,,,,,,0,Strong Buy,24/04/2025
TFC,50.4,-1.48,-1.64,36.66,,,,,,,0,Strong Buy,24/04/2025
TGT,46.87,-4.79,-5.27,94.33,,,,,,,0,Strong Buy,24/04/2025
TJX,50.12,1.63,1.63,125.45,,,,,,,0,Sell,24/04/2025
TKO,50.54,-0.65,-1.01,147.74,,,,,,,0,Buy,24/04/2025
TMO,39.12,-21.89,-22.07,441.15,,,,,,,0,Strong Buy,24/04/2025
TMUS,43.52,0.02,0.11,258.83,,,,,,,0,Strong Sell,24/04/2025
TPL,57.62,-6.77,-17.38,1273.92,,,,,,,0,Hold,24/04/2025
TPR,53.48,-2.48,-2.8,65.12,,,,,,,0,Strong Buy,24/04/2025
TRGP,44.93,-6.44,-6.66,172.11,,,,,,,0,Strong Buy,24/04/2025
TRMB,48.34,-2.72,-2.87,59.23,,,,,,,0,Strong Buy,24/04/2025
TROW,50.65,-2.7,-3.01,86.8,,,,,,,0,Buy,24/04/2025
TRV,47.48,0.17,-0.64,253.5,,,,,,,0,Buy,24/04/2025
TSCO,35.47,-1,-0.93,50.92,,,,,,,0,Hold,24/04/2025
TSCO.L,55.66,2.2,-2.35,347.58,,,,,,,0,Hold,24/04/2025
TSLA,45.06,-9.12,-9.85,246.4,,,,,,,0,Hold,24/04/2025
TSN,44.09,0.22,0.17,61.05,,,,,,,0,Hold,24/04/2025
TT,52.4,-3.61,-3.85,334.7,,,,,,,0,Hold,24/04/2025
TTWO,53.38,1.08,0.78,209.65,,,,,,,0,Hold,24/04/2025
TW.L,61.09,0.62,-0.77,111.04,,,,,,,0,Hold,24/04/2025
TXN,43.17,-8.79,-8.58,153.15,,,,,,,0,Hold,24/04/2025
TXT,48.51,-1.92,-2.09,65.99,,,,,,,0,Strong Buy,24/04/2025
TYL,49.87,-4.24,-5.77,565.39,,,,,,,0,Buy,24/04/2025
UAL,60.34,-3.3,-4.33,66.53,,,,,,,0,Hold,24/04/2025
UBER,57.29,0.24,-0.13,72.9,,,,,,,0,Hold,24/04/2025
UDR,44.7,-0.49,-0.6,41.19,,,,,,,0,Strong Buy,24/04/2025
UHS,35.04,-3.77,-2.27,171.46,,,,,,,0,Hold,24/04/2025
ULTA,53.54,2.16,0.23,364.23,,,,,,,0,Hold,24/04/2025
ULVR.L,48.95,71.92,48.79,4739.32,,,,,,,0,Buy,24/04/2025
UNH,29.18,-12.84,1.43,500.11,,,,,,,0,Hold,24/04/2025
UNP,46.31,-4.94,-5.19,220.01,,,,,,,0,Strong Buy,24/04/2025
UPS,44.98,-4.58,-4.8,98.15,,,,,,,0,Strong Buy,24/04/2025
URI,49.52,-14.66,-15.68,588.35,,,,,,,0,Strong Buy,24/04/2025
USB,53,-1.12,-1.33,38.75,,,,,,,0,Strong Buy,24/04/2025
UTG.L,54.38,13.82,8.11,850.91,,,,,,,0,Hold,24/04/2025
UU.L,56.53,31.42,26.58,1080.93,,,,,,,0,Hold,24/04/2025
V,47.59,-2.72,-3.15,330.68,,,,,,,0,Strong Buy,24/04/2025
VICI,56.42,0.28,0.13,31.96,,,,,,,0,Hold,24/04/2025
VLO,50.23,-4.85,-5.14,112.61,,,,,,,0,Strong Buy,24/04/2025
VLTO,43.57,-2.18,-2.25,90.17,,,,,,,0,Strong Buy,24/04/2025
VMC,56.12,0.37,-0.51,239.54,,,,,,,0,Hold,24/04/2025
VOD.L,41.75,-0.13,-0.5,69.68,,,,,,,0,Buy,24/04/2025
VRSK,40.18,-0.25,-0.25,290.62,,,,,,,0,Strong Buy,24/04/2025
VRSN,46.64,1.91,2.1,246.63,,,,,,,0,Strong Sell,24/04/2025
VRTX,54.31,-0.06,-0.27,487.71,,,,,,,0,Hold,24/04/2025
VST,58.51,-3.71,-4.91,114.04,,,,,,,0,Buy,24/04/2025
VTR,46.6,0.34,0.23,67.41,,,,,,,0,Buy,24/04/2025
VTRS,43.73,-0.45,-0.51,7.74,,,,,,,0,Strong Buy,24/04/2025
VZ,38.47,0.11,0.2,43.32,,,,,,,0,Sell,24/04/2025
WAB,56.43,-2.52,-3.36,173.16,,,,,,,0,Strong Buy,24/04/2025
WAT,46.46,-11.79,-12.87,329.93,,,,,,,0,Strong Buy,24/04/2025
WBA,47.45,-0.01,-0.02,10.9,,,,,,,0,Hold,24/04/2025
WBD,42.76,-0.63,-0.62,8.37,,,,,,,0,Hold,24/04/2025
WDAY,47.94,-6.46,-6.73,225.29,,,,,,,0,Hold,24/04/2025
WDC,60.9,-1.79,-2.26,36.46,,,,,,,0,Hold,24/04/2025
WEC,50.67,0.75,0.6,107.51,,,,,,,0,Hold,24/04/2025
WEIR.L,49.07,-42.21,-54.22,2172.56,,,,,,,0,Strong Buy,24/04/2025
WELL,43.41,-0.47,-0.68,145.88,,,,,,,0,Strong Buy,24/04/2025
WFC,55.16,-1.73,-2.14,65.57,,,,,,,0,Buy,24/04/2025
WM,41.34,0.73,0.71,228.8,,,,,,,0,Buy,24/04/2025
WMB,48.39,0.07,0.01,57.68,,,,,,,0,Strong Buy,24/04/2025
WMT,63.45,1.28,0.51,91.91,,,,,,,0,Hold,24/04/2025
WPP.L,44.95,-23.64,-29.54,546.86,,,,,,,0,Buy,24/04/2025
WRB,52.66,1.44,1.35,68.69,,,,,,,0,Buy,24/04/2025
WSM,56.02,-8.36,-9.13,144.7,,,,,,,0,Strong Buy,24/04/2025
WST,48.87,-5.69,-7.5,211.25,,,,,,,0,Hold,24/04/2025
WTB.L,59.76,-5.54,-22.38,2512.33,,,,,,,0,Buy,24/04/2025
WTW,45.82,-1.63,-1.99,322.67,,,,,,,0,Strong Buy,24/04/2025
WY,36.62,-1.08,-1.02,25.92,,,,,,,0,Hold,24/04/2025
WYNN,60.67,-2.03,-2.69,75.81,,,,,,,0,Hold,24/04/2025
XEL,48.1,0.41,0.26,69.99,,,,,,,0,Strong Buy,24/04/2025
XOM,42.89,-1.66,-1.75,106.54,,,,,,,0,Strong Buy,24/04/2025
XYL,54.04,-2.89,-3.5,110.96,,,,,,,0,Strong Buy,24/04/2025
YUM,30.04,-2.62,-2.22,145.84,,,,,,,0,Hold,24/04/2025
ZBH,21.54,-2.96,-2.27,100.64,,,,,,,0,Hold,24/04/2025
ZBRA,48.17,-17.58,-19.03,233.53,,,,,,,0,Strong Buy,24/04/2025
ZTS,41.12,-3.76,-3.88,150.4,,,,,,,0,Strong Buy,24/04/2025
